Model,AUC-ROC,Average Precision,PR-AUC,F1-Score,MCC,Brier Score
xgboost,0.8579653954162515,0.2772301006983185,0.27288648151266964,0.22820919175911253,0.2734367242565447,0.11388728022575378
lightgbm,0.8502944107256092,0.2689506800682712,0.2638331944817579,0.2905027932960894,0.2939482488058504,0.07523120533080414
